Workbook

Sheet Sheet1
A1: rank | B1: hellinger | C1: hellinger_folia | D1: js | E1: js_folia | F1: l1 | G1: l1_folia | H1: consensus | I1: consensus_folia | J1: folio1 | K1: folio2 | L1: notes | M1: section | N1: hand | O1: rz_lang | P1: currier_lang | Q1: test | R1: test_plaintext | S1: comp
A2: 1 | B2: 1 | C2: =_xlfn.CONCAT("f",VLOOKUP(B2,Sheet2!A:C,2,FALSE),", f",VLOOKUP(B2,Sheet2!A:C,3,FALSE)) -> f1, f8 | D2: 1 | E2: =_xlfn.CONCAT("f",VLOOKUP(D2,Sheet2!A:C,2,FALSE),", f",VLOOKUP(D2,Sheet2!A:C,3,FALSE)) -> f1, f8 | F2: 1 | G2: =_xlfn.CONCAT("f",VLOOKUP(F2,Sheet2!A:C,2,FALSE),", f",VLOOKUP(F2,Sheet2!A:C,3,FALSE)) -> f1, f8 | H2: 1 | I2: =_xlfn.CONCAT("f",VLOOKUP(H2,Sheet2!A:C,2,FALSE),", f",VLOOKUP(H2,Sheet2!A:C,3,FALSE)) -> f1, f8 | J2: =VLOOKUP(H2,Sheet2!A:C,2,FALSE) -> 1 | K2: =VLOOKUP(H2,Sheet2!A:C,3,FALSE) -> 8 | M2: Herbal A1 | N2: 1 | O2: =VLOOKUP(H2,Sheet2!A:G,6,FALSE) -> A | P2: =VLOOKUP(H2,Sheet2!A:G,7,FALSE) -> A | R2: \ 1&1&f1, f8&Herbal A1&A&A&1\\ | S2: =_xlfn.CONCAT(" \ ",A2,"&",C2,"&",E2,"&",G2,"&",I2,"\\") -> \ 1&f1, f8&f1, f8&f1, f8&f1, f8\\ | W2: \ 1&f1, f8&f1, f8&f1, f8&f1, f8\\
A3: 2 | B3: 19 | C3: =_xlfn.CONCAT("f",VLOOKUP(B3,Sheet2!A:C,2,FALSE),", f",VLOOKUP(B3,Sheet2!A:C,3,FALSE)) -> f35, f38 | D3: 19 | E3: =_xlfn.CONCAT("f",VLOOKUP(D3,Sheet2!A:C,2,FALSE),", f",VLOOKUP(D3,Sheet2!A:C,3,FALSE)) -> f35, f38 | F3: 19 | G3: =_xlfn.CONCAT("f",VLOOKUP(F3,Sheet2!A:C,2,FALSE),", f",VLOOKUP(F3,Sheet2!A:C,3,FALSE)) -> f35, f38 | H3: 19 | I3: =_xlfn.CONCAT("f",VLOOKUP(H3,Sheet2!A:C,2,FALSE),", f",VLOOKUP(H3,Sheet2!A:C,3,FALSE)) -> f35, f38 | J3: =VLOOKUP(H3,Sheet2!A:C,2,FALSE) -> 35 | K3: =VLOOKUP(H3,Sheet2!A:C,3,FALSE) -> 38 | M3: Herbal A1 | N3: 1 | O3: =VLOOKUP(H3,Sheet2!A:G,6,FALSE) -> A | P3: =VLOOKUP(H3,Sheet2!A:G,7,FALSE) -> A | Q3: =_xlfn.CONCAT(" \ ",A3,"&",H3,"&","f",J3,", f",K3,"&",M3,"&",P3,"&",O3,"&",N3,"\\") -> \ 2&19&f35, f38&Herbal A1&A&A&1\\ | R3: \ 2&19&f35, f38&Herbal A1&A&A&1\\ | S3: =_xlfn.CONCAT(" \ ",A3,"&",C3,"&",E3,"&",G3,"&",I3,"\\") -> \ 2&f35, f38&f35, f38&f35, f38&f35, f38\\ | W3: \ 2&f35, f38&f35, f38&f35, f38&f35, f38\\
A4: 3 | B4: 22 | C4: =_xlfn.CONCAT("f",VLOOKUP(B4,Sheet2!A:C,2,FALSE),", f",VLOOKUP(B4,Sheet2!A:C,3,FALSE)) -> f42, f47 | D4: 22 | E4: =_xlfn.CONCAT("f",VLOOKUP(D4,Sheet2!A:C,2,FALSE),", f",VLOOKUP(D4,Sheet2!A:C,3,FALSE)) -> f42, f47 | F4: 22 | G4: =_xlfn.CONCAT("f",VLOOKUP(F4,Sheet2!A:C,2,FALSE),", f",VLOOKUP(F4,Sheet2!A:C,3,FALSE)) -> f42, f47 | H4: 22 | I4: =_xlfn.CONCAT("f",VLOOKUP(H4,Sheet2!A:C,2,FALSE),", f",VLOOKUP(H4,Sheet2!A:C,3,FALSE)) -> f42, f47 | J4: =VLOOKUP(H4,Sheet2!A:C,2,FALSE) -> 42 | K4: =VLOOKUP(H4,Sheet2!A:C,3,FALSE) -> 47 | M4: Herbal A1 | N4: 1 | O4: =VLOOKUP(H4,Sheet2!A:G,6,FALSE) -> A | P4: =VLOOKUP(H4,Sheet2!A:G,7,FALSE) -> A | Q4: =_xlfn.CONCAT(" \ ",A4,"&",H4,"&","f",J4,", f",K4,"&",M4,"&",P4,"&",O4,"&",N4,"\\") -> \ 3&22&f42, f47&Herbal A1&A&A&1\\ | R4: \ 3&22&f42, f47&Herbal A1&A&A&1\\ | S4: =_xlfn.CONCAT(" \ ",A4,"&",C4,"&",E4,"&",G4,"&",I4,"\\") -> \ 3&f42, f47&f42, f47&f42, f47&f42, f47\\ | W4: \ 3&f42, f47&f42, f47&f42, f47&f42, f47\\
A5: 4 | B5: 15 | C5: =_xlfn.CONCAT("f",VLOOKUP(B5,Sheet2!A:C,2,FALSE),", f",VLOOKUP(B5,Sheet2!A:C,3,FALSE)) -> f27, f30 | D5: 15 | E5: =_xlfn.CONCAT("f",VLOOKUP(D5,Sheet2!A:C,2,FALSE),", f",VLOOKUP(D5,Sheet2!A:C,3,FALSE)) -> f27, f30 | F5: 15 | G5: =_xlfn.CONCAT("f",VLOOKUP(F5,Sheet2!A:C,2,FALSE),", f",VLOOKUP(F5,Sheet2!A:C,3,FALSE)) -> f27, f30 | H5: 15 | I5: =_xlfn.CONCAT("f",VLOOKUP(H5,Sheet2!A:C,2,FALSE),", f",VLOOKUP(H5,Sheet2!A:C,3,FALSE)) -> f27, f30 | J5: =VLOOKUP(H5,Sheet2!A:C,2,FALSE) -> 27 | K5: =VLOOKUP(H5,Sheet2!A:C,3,FALSE) -> 30 | M5: Herbal A1 | N5: 1 | O5: =VLOOKUP(H5,Sheet2!A:G,6,FALSE) -> A | P5: =VLOOKUP(H5,Sheet2!A:G,7,FALSE) -> A | Q5: =_xlfn.CONCAT(" \ ",A5,"&",H5,"&","f",J5,", f",K5,"&",M5,"&",P5,"&",O5,"&",N5,"\\") -> \ 4&15&f27, f30&Herbal A1&A&A&1\\ | R5: \ 4&15&f27, f30&Herbal A1&A&A&1\\ | S5: =_xlfn.CONCAT(" \ ",A5,"&",C5,"&",E5,"&",G5,"&",I5,"\\") -> \ 4&f27, f30&f27, f30&f27, f30&f27, f30\\ | W5: \ 4&f27, f30&f27, f30&f27, f30&f27, f30\\
A6: 5 | B6: 25 | C6: =_xlfn.CONCAT("f",VLOOKUP(B6,Sheet2!A:C,2,FALSE),", f",VLOOKUP(B6,Sheet2!A:C,3,FALSE)) -> f49, f56 | D6: 25 | E6: =_xlfn.CONCAT("f",VLOOKUP(D6,Sheet2!A:C,2,FALSE),", f",VLOOKUP(D6,Sheet2!A:C,3,FALSE)) -> f49, f56 | F6: 2 | G6: =_xlfn.CONCAT("f",VLOOKUP(F6,Sheet2!A:C,2,FALSE),", f",VLOOKUP(F6,Sheet2!A:C,3,FALSE)) -> f2, f7 | H6: 2 | I6: =_xlfn.CONCAT("f",VLOOKUP(H6,Sheet2!A:C,2,FALSE),", f",VLOOKUP(H6,Sheet2!A:C,3,FALSE)) -> f2, f7 | J6: =VLOOKUP(H6,Sheet2!A:C,2,FALSE) -> 2 | K6: =VLOOKUP(H6,Sheet2!A:C,3,FALSE) -> 7 | M6: Herbal A2 | N6: 1 | O6: =VLOOKUP(H6,Sheet2!A:G,6,FALSE) -> A | P6: =VLOOKUP(H6,Sheet2!A:G,7,FALSE) -> A | Q6: =_xlfn.CONCAT(" \ ",A6,"&",H6,"&","f",J6,", f",K6,"&",M6,"&",P6,"&",O6,"&",N6,"\\") -> \ 5&2&f2, f7&Herbal A2&A&A&1\\ | R6: \ 5&25&f49, f56&Herbal A1&A&A&1\\ | S6: =_xlfn.CONCAT(" \ ",A6,"&",C6,"&",E6,"&",G6,"&",I6,"\\") -> \ 5&f49, f56&f49, f56&f2, f7&f2, f7\\ | W6: \ 5&f49, f56&f49, f56&f2, f7&f49, f56\\
A7: 6 | B7: 12 | C7: =_xlfn.CONCAT("f",VLOOKUP(B7,Sheet2!A:C,2,FALSE),", f",VLOOKUP(B7,Sheet2!A:C,3,FALSE)) -> f20, f21 | D7: 12 | E7: =_xlfn.CONCAT("f",VLOOKUP(D7,Sheet2!A:C,2,FALSE),", f",VLOOKUP(D7,Sheet2!A:C,3,FALSE)) -> f20, f21 | F7: 25 | G7: =_xlfn.CONCAT("f",VLOOKUP(F7,Sheet2!A:C,2,FALSE),", f",VLOOKUP(F7,Sheet2!A:C,3,FALSE)) -> f49, f56 | H7: 25 | I7: =_xlfn.CONCAT("f",VLOOKUP(H7,Sheet2!A:C,2,FALSE),", f",VLOOKUP(H7,Sheet2!A:C,3,FALSE)) -> f49, f56 | J7: =VLOOKUP(H7,Sheet2!A:C,2,FALSE) -> 49 | K7: =VLOOKUP(H7,Sheet2!A:C,3,FALSE) -> 56 | M7: Herbal A2 | N7: 1 | O7: =VLOOKUP(H7,Sheet2!A:G,6,FALSE) -> A | P7: =VLOOKUP(H7,Sheet2!A:G,7,FALSE) -> A | Q7: =_xlfn.CONCAT(" \ ",A7,"&",H7,"&","f",J7,", f",K7,"&",M7,"&",P7,"&",O7,"&",N7,"\\") -> \ 6&25&f49, f56&Herbal A2&A&A&1\\ | R7: \ 6&12&f20, f21&Herbal A1&A&A&1\\ | S7: =_xlfn.CONCAT(" \ ",A7,"&",C7,"&",E7,"&",G7,"&",I7,"\\") -> \ 6&f20, f21&f20, f21&f49, f56&f49, f56\\ | W7: \ 6&f20, f21&f20, f21&f49, f56&f20, f21\\
A8: 7 | B8: 16 | C8: =_xlfn.CONCAT("f",VLOOKUP(B8,Sheet2!A:C,2,FALSE),", f",VLOOKUP(B8,Sheet2!A:C,3,FALSE)) -> f28, f29 | D8: 4 | E8: =_xlfn.CONCAT("f",VLOOKUP(D8,Sheet2!A:C,2,FALSE),", f",VLOOKUP(D8,Sheet2!A:C,3,FALSE)) -> f4, f5 | F8: 12 | G8: =_xlfn.CONCAT("f",VLOOKUP(F8,Sheet2!A:C,2,FALSE),", f",VLOOKUP(F8,Sheet2!A:C,3,FALSE)) -> f20, f21 | H8: 12 | I8: =_xlfn.CONCAT("f",VLOOKUP(H8,Sheet2!A:C,2,FALSE),", f",VLOOKUP(H8,Sheet2!A:C,3,FALSE)) -> f20, f21 | J8: =VLOOKUP(H8,Sheet2!A:C,2,FALSE) -> 20 | K8: =VLOOKUP(H8,Sheet2!A:C,3,FALSE) -> 21 | M8: Herbal A2 | N8: 1 | O8: =VLOOKUP(H8,Sheet2!A:G,6,FALSE) -> A | P8: =VLOOKUP(H8,Sheet2!A:G,7,FALSE) -> A | Q8: =_xlfn.CONCAT(" \ ",A8,"&",H8,"&","f",J8,", f",K8,"&",M8,"&",P8,"&",O8,"&",N8,"\\") -> \ 7&12&f20, f21&Herbal A2&A&A&1\\ | R8: \ 7&2&f2, f7&Herbal A1&A&A&1\\ | S8: =_xlfn.CONCAT(" \ ",A8,"&",C8,"&",E8,"&",G8,"&",I8,"\\") -> \ 7&f28, f29&f4, f5&f20, f21&f20, f21\\ | W8: \ 7&f28, f29&f4, f5&f20, f21&f2, f7\\
A9: 8 | B9: 13 | C9: =_xlfn.CONCAT("f",VLOOKUP(B9,Sheet2!A:C,2,FALSE),", f",VLOOKUP(B9,Sheet2!A:C,3,FALSE)) -> f25, f32 | D9: 16 | E9: =_xlfn.CONCAT("f",VLOOKUP(D9,Sheet2!A:C,2,FALSE),", f",VLOOKUP(D9,Sheet2!A:C,3,FALSE)) -> f28, f29 | F9: 13 | G9: =_xlfn.CONCAT("f",VLOOKUP(F9,Sheet2!A:C,2,FALSE),", f",VLOOKUP(F9,Sheet2!A:C,3,FALSE)) -> f25, f32 | H9: 13 | I9: =_xlfn.CONCAT("f",VLOOKUP(H9,Sheet2!A:C,2,FALSE),", f",VLOOKUP(H9,Sheet2!A:C,3,FALSE)) -> f25, f32 | J9: =VLOOKUP(H9,Sheet2!A:C,2,FALSE) -> 25 | K9: =VLOOKUP(H9,Sheet2!A:C,3,FALSE) -> 32 | M9: Herbal A2 | N9: 1 | O9: =VLOOKUP(H9,Sheet2!A:G,6,FALSE) -> A | P9: =VLOOKUP(H9,Sheet2!A:G,7,FALSE) -> A | Q9: =_xlfn.CONCAT(" \ ",A9,"&",H9,"&","f",J9,", f",K9,"&",M9,"&",P9,"&",O9,"&",N9,"\\") -> \ 8&13&f25, f32&Herbal A2&A&A&1\\ | R9: \ 8&13&f25, f32&Herbal A1&A&A&1\\ | S9: =_xlfn.CONCAT(" \ ",A9,"&",C9,"&",E9,"&",G9,"&",I9,"\\") -> \ 8&f25, f32&f28, f29&f25, f32&f25, f32\\ | W9: \ 8&f25, f32&f28, f29&f25, f32&f25, f32\\
A10: 9 | B10: 2 | C10: =_xlfn.CONCAT("f",VLOOKUP(B10,Sheet2!A:C,2,FALSE),", f",VLOOKUP(B10,Sheet2!A:C,3,FALSE)) -> f2, f7 | D10: 13 | E10: =_xlfn.CONCAT("f",VLOOKUP(D10,Sheet2!A:C,2,FALSE),", f",VLOOKUP(D10,Sheet2!A:C,3,FALSE)) -> f25, f32 | F10: 16 | G10: =_xlfn.CONCAT("f",VLOOKUP(F10,Sheet2!A:C,2,FALSE),", f",VLOOKUP(F10,Sheet2!A:C,3,FALSE)) -> f28, f29 | H10: 16 | I10: =_xlfn.CONCAT("f",VLOOKUP(H10,Sheet2!A:C,2,FALSE),", f",VLOOKUP(H10,Sheet2!A:C,3,FALSE)) -> f28, f29 | J10: =VLOOKUP(H10,Sheet2!A:C,2,FALSE) -> 28 | K10: =VLOOKUP(H10,Sheet2!A:C,3,FALSE) -> 29 | M10: Herbal A2 | N10: 1 | O10: =VLOOKUP(H10,Sheet2!A:G,6,FALSE) -> A | P10: =VLOOKUP(H10,Sheet2!A:G,7,FALSE) -> A | Q10: =_xlfn.CONCAT(" \ ",A10,"&",H10,"&","f",J10,", f",K10,"&",M10,"&",P10,"&",O10,"&",N10,"\\") -> \ 9&16&f28, f29&Herbal A2&A&A&1\\ | R10: \ 9&16&f28, f29&Herbal A1&A&A&1\\ | S10: =_xlfn.CONCAT(" \ ",A10,"&",C10,"&",E10,"&",G10,"&",I10,"\\") -> \ 9&f2, f7&f25, f32&f28, f29&f28, f29\\ | W10: \ 9&f2, f7&f25, f32&f28, f29&f28, f29\\
A11: 10 | B11: 4 | C11: =_xlfn.CONCAT("f",VLOOKUP(B11,Sheet2!A:C,2,FALSE),", f",VLOOKUP(B11,Sheet2!A:C,3,FALSE)) -> f4, f5 | D11: 2 | E11: =_xlfn.CONCAT("f",VLOOKUP(D11,Sheet2!A:C,2,FALSE),", f",VLOOKUP(D11,Sheet2!A:C,3,FALSE)) -> f2, f7 | F11: 4 | G11: =_xlfn.CONCAT("f",VLOOKUP(F11,Sheet2!A:C,2,FALSE),", f",VLOOKUP(F11,Sheet2!A:C,3,FALSE)) -> f4, f5 | H11: 4 | I11: =_xlfn.CONCAT("f",VLOOKUP(H11,Sheet2!A:C,2,FALSE),", f",VLOOKUP(H11,Sheet2!A:C,3,FALSE)) -> f4, f5 | J11: =VLOOKUP(H11,Sheet2!A:C,2,FALSE) -> 4 | K11: =VLOOKUP(H11,Sheet2!A:C,3,FALSE) -> 5 | M11: Herbal A2 | N11: 1 | O11: =VLOOKUP(H11,Sheet2!A:G,6,FALSE) -> A | P11: =VLOOKUP(H11,Sheet2!A:G,7,FALSE) -> A | Q11: =_xlfn.CONCAT(" \ ",A11,"&",H11,"&","f",J11,", f",K11,"&",M11,"&",P11,"&",O11,"&",N11,"\\") -> \ 10&4&f4, f5&Herbal A2&A&A&1\\ | R11: \ 10&4&f4, f5&Herbal A1&A&A&1\\ | S11: =_xlfn.CONCAT(" \ ",A11,"&",C11,"&",E11,"&",G11,"&",I11,"\\") -> \ 10&f4, f5&f2, f7&f4, f5&f4, f5\\ | W11: \ 10&f4, f5&f2, f7&f4, f5&f4, f5\\
A12: 11 | B12: 3 | C12: =_xlfn.CONCAT("f",VLOOKUP(B12,Sheet2!A:C,2,FALSE),", f",VLOOKUP(B12,Sheet2!A:C,3,FALSE)) -> f3, f6 | D12: 6 | E12: =_xlfn.CONCAT("f",VLOOKUP(D12,Sheet2!A:C,2,FALSE),", f",VLOOKUP(D12,Sheet2!A:C,3,FALSE)) -> f10, f15 | F12: 42 | G12: =_xlfn.CONCAT("f",VLOOKUP(F12,Sheet2!A:C,2,FALSE),", f",VLOOKUP(F12,Sheet2!A:C,3,FALSE)) -> f88, f89 | H12: 5 | I12: =_xlfn.CONCAT("f",VLOOKUP(H12,Sheet2!A:C,2,FALSE),", f",VLOOKUP(H12,Sheet2!A:C,3,FALSE)) -> f9, f16 | J12: =VLOOKUP(H12,Sheet2!A:C,2,FALSE) -> 9 | K12: =VLOOKUP(H12,Sheet2!A:C,3,FALSE) -> 16 | M12: Herbal A3 | N12: 1 | O12: =VLOOKUP(H12,Sheet2!A:G,6,FALSE) -> A | P12: =VLOOKUP(H12,Sheet2!A:G,7,FALSE) -> A | Q12: =_xlfn.CONCAT(" \ ",A12,"&",H12,"&","f",J12,", f",K12,"&",M12,"&",P12,"&",O12,"&",N12,"\\") -> \ 11&5&f9, f16&Herbal A3&A&A&1\\ | R12: \ 11&5&f9, f16&Herbal A2&A&A&1\\ | S12: =_xlfn.CONCAT(" \ ",A12,"&",C12,"&",E12,"&",G12,"&",I12,"\\") -> \ 11&f3, f6&f10, f15&f88, f89&f9, f16\\ | W12: \ 11&f3, f6&f10, f15&f88, f89&f9, f16\\
A13: 12 | B13: 9 | C13: =_xlfn.CONCAT("f",VLOOKUP(B13,Sheet2!A:C,2,FALSE),", f",VLOOKUP(B13,Sheet2!A:C,3,FALSE)) -> f17, f24 | D13: 7 | E13: =_xlfn.CONCAT("f",VLOOKUP(D13,Sheet2!A:C,2,FALSE),", f",VLOOKUP(D13,Sheet2!A:C,3,FALSE)) -> f11, f14 | F13: 45 | G13: =_xlfn.CONCAT("f",VLOOKUP(F13,Sheet2!A:C,2,FALSE),", f",VLOOKUP(F13,Sheet2!A:C,3,FALSE)) -> f99, f102 | H13: 20 | I13: =_xlfn.CONCAT("f",VLOOKUP(H13,Sheet2!A:C,2,FALSE),", f",VLOOKUP(H13,Sheet2!A:C,3,FALSE)) -> f36, f37 | J13: =VLOOKUP(H13,Sheet2!A:C,2,FALSE) -> 36 | K13: =VLOOKUP(H13,Sheet2!A:C,3,FALSE) -> 37 | M13: Herbal A3 | N13: 1 | O13: =VLOOKUP(H13,Sheet2!A:G,6,FALSE) -> A | P13: =VLOOKUP(H13,Sheet2!A:G,7,FALSE) -> A | Q13: =_xlfn.CONCAT(" \ ",A13,"&",H13,"&","f",J13,", f",K13,"&",M13,"&",P13,"&",O13,"&",N13,"\\") -> \ 12&20&f36, f37&Herbal A3&A&A&1\\ | R13: \ 12&20&f36, f37&Herbal A2&A&A&1\\ | S13: =_xlfn.CONCAT(" \ ",A13,"&",C13,"&",E13,"&",G13,"&",I13,"\\") -> \ 12&f17, f24&f11, f14&f99, f102&f36, f37\\ | W13: \ 12&f17, f24&f11, f14&f99, f102&f36, f37\\
A14: 13 | B14: 42 | C14: =_xlfn.CONCAT("f",VLOOKUP(B14,Sheet2!A:C,2,FALSE),", f",VLOOKUP(B14,Sheet2!A:C,3,FALSE)) -> f88, f89 | D14: 11 | E14: =_xlfn.CONCAT("f",VLOOKUP(D14,Sheet2!A:C,2,FALSE),", f",VLOOKUP(D14,Sheet2!A:C,3,FALSE)) -> f19, f22 | F14: 46 | G14: =_xlfn.CONCAT("f",VLOOKUP(F14,Sheet2!A:C,2,FALSE),", f",VLOOKUP(F14,Sheet2!A:C,3,FALSE)) -> f100, f101 | H14: 11 | I14: =_xlfn.CONCAT("f",VLOOKUP(H14,Sheet2!A:C,2,FALSE),", f",VLOOKUP(H14,Sheet2!A:C,3,FALSE)) -> f19, f22 | J14: =VLOOKUP(H14,Sheet2!A:C,2,FALSE) -> 19 | K14: =VLOOKUP(H14,Sheet2!A:C,3,FALSE) -> 22 | M14: Herbal A3 | N14: 1 | O14: =VLOOKUP(H14,Sheet2!A:G,6,FALSE) -> A | P14: =VLOOKUP(H14,Sheet2!A:G,7,FALSE) -> A | Q14: =_xlfn.CONCAT(" \ ",A14,"&",H14,"&","f",J14,", f",K14,"&",M14,"&",P14,"&",O14,"&",N14,"\\") -> \ 13&11&f19, f22&Herbal A3&A&A&1\\ | R14: \ 13&11&f19, f22&Herbal A2&A&A&1\\ | S14: =_xlfn.CONCAT(" \ ",A14,"&",C14,"&",E14,"&",G14,"&",I14,"\\") -> \ 13&f88, f89&f19, f22&f100, f101&f19, f22\\ | W14: \ 13&f88, f89&f19, f22&f100, f101&f19, f22\\
... A53: 52 | B53: 39 | C53: =_xlfn.CONCAT("f",VLOOKUP(B53,Sheet2!A:C,2,FALSE),", f",VLOOKUP(B53,Sheet2!A:C,3,FALSE)) -> f79, f80 | D53: 38 | E53: =_xlfn.CONCAT("f",VLOOKUP(D53,Sheet2!A:C,2,FALSE),", f",VLOOKUP(D53,Sheet2!A:C,3,FALSE)) -> f78, f81 | F53: 37 | G53: =_xlfn.CONCAT("f",VLOOKUP(F53,Sheet2!A:C,2,FALSE),", f",VLOOKUP(F53,Sheet2!A:C,3,FALSE)) -> f77, f82 | H53: 38 | I53: =_xlfn.CONCAT("f",VLOOKUP(H53,Sheet2!A:C,2,FALSE),", f",VLOOKUP(H53,Sheet2!A:C,3,FALSE)) -> f78, f81 | J53: =VLOOKUP(H53,Sheet2!A:C,2,FALSE) -> 78 | K53: =VLOOKUP(H53,Sheet2!A:C,3,FALSE) -> 81 | M53: Biological | N53: 3 | O53: =VLOOKUP(H53,Sheet2!A:G,6,FALSE) -> Bb | P53: =VLOOKUP(H53,Sheet2!A:G,7,FALSE) -> B | Q53: =_xlfn.CONCAT(" \ ",A53,"&",H53,"&","f",J53,", f",K53,"&",M53,"&",P53,"&",O53,"&",N53,"\\") -> \ 52&38&f78, f81&Biological&B&Bb&3\\ | R53: \ 52&47&f103, f116&Stars&B&B&3\\ | S53: =_xlfn.CONCAT(" \ ",A53,"&",C53,"&",E53,"&",G53,"&",I53,"\\") -> \ 52&f79, f80&f78, f81&f77, f82&f78, f81\\ | W53: \ 52&f79, f80&f78, f81&f77, f82&f103, f116\\

Sheet Sheet2
A1: bifolio_global | B1: folio_1 | C1: folio_2 | D1: n_folios | E1: majority_hand | F1: majority_lang_rz | G1: majority_lang_currier
A2: 1 | B2: 1 | C2: 8 | D2: 2 | E2: 1a | F2: A | G2: A
A3: 2 | B3: 2 | C3: 7 | D3: 2 | E3: 1a | F3: A | G3: A
A4: 3 | B4: 3 | C4: 6 | D4: 2 | E4: 1a | F4: A | G4: A
A5: 4 | B5: 4 | C5: 5 | D5: 2 | E5: 1a | F5: A | G5: A
A6: 5 | B6: 9 | C6: 16 | D6: 2 | E6: 1a | F6: A | G6: A
A7: 6 | B7: 10 | C7: 15 | D7: 2 | E7: 1a | F7: A | G7: A
A8: 7 | B8: 11 | C8: 14 | D8: 2 | E8: 1a | F8: A | G8: A
A9: 8 | B9: 13 | D9: 1 | E9: 1a | F9: A | G9: A
A10: 9 | B10: 17 | C10: 24 | D10: 2 | E10: 1a | F10: A | G10: A
A11: 10 | B11: 18 | C11: 23 | D11: 2 | E11: 1a | F11: A | G11: A
A12: 11 | B12: 19 | C12: 22 | D12: 2 | E12: 1a | F12: A | G12: A
A13: 12 | B13: 20 | C13: 21 | D13: 2 | E13: 1a | F13: A | G13: A
A14: 13 | B14: 25 | C14: 32 | D14: 2 | E14: 1a | F14: A | G14: A
A15: 14 | B15: 26 | C15: 31 | D15: 2 | E15: 2a | F15: B | G15: B
A16: 15 | B16: 27 | C16: 30 | D16: 2 | E16: 1a | F16: A | G16: A
A17: 16 | B17: 28 | C17: 29 | D17: 2 | E17: 1a | F17: A | G17: A
A18: 17 | B18: 33 | C18: 40 | D18: 2 | E18: 2a | F18: C | G18: B
A19: 18 | B19: 34 | C19: 39 | D19: 2 | E19: 2a | F19: B | G19: B
A20: 19 | B20: 35 | C20: 38 | D20: 2 | E20: 1a | F20: A | G20: A
A21: 20 | B21: 36 | C21: 37 | D21: 2 | E21: 1a | F21: A | G21: A
... A34: 33 | B34: 71 | C34: 72 | D34: 2 | E34: 4a | F34: Ce | G34: -
A35: 34 | B35: 73 | D35: 1 | E35: 4a | F35: Bs | G35: -
A36: 35 | B36: 75 | C36: 84 | D36: 2 | E36: 2a | F36: Bb | G36: B
A37: 36 | B37: 76 | C37: 83 | D37: 2 | E37: 2a | F37: Bb | G37: B
A38: 37 | B38: 77 | C38: 82 | D38: 2 | E38: 2a | F38: Bb | G38: B
A39: 38 | B39: 78 | C39: 81 | D39: 2 | E39: 2a | F39: Bb | G39: B
A40: 39 | B40: 79 | C40: 80 | D40: 2 | E40: 2a | F40: Bb | G40: B
A41: 40 | B41: 85 | C41: 86 | D41: 2 | E41: 2a | F41: B | G41: B
A42: 41 | B42: 87 | C42: 90 | D42: 2 | E42: 1a | F42: Ae | G42: A
A43: 42 | B43: 88 | C43: 89 | D43: 2 | E43: 1a | F43: Ae | G43: A
A44: 43 | B44: 93 | C44: 96 | D44: 2 | E44: 1a | F44: Ae | G44: A
A45: 44 | B45: 94 | C45: 95 | D45: 2 | E45: 3a | F45: B | G45: B
A46: 45 | B46: 99 | C46: 102 | D46: 2 | E46: 1a | F46: Ae | G46: A
A47: 46 | B47: 100 | C47: 101 | D47: 2 | E47: 1a | F47: Ae | G47: A
... A53: 52 | B53: 108 | C53: 111 | D53: 2 | E53: 3a | F53: Bs | G53: B
