Workbook

Sheet voynich
A1: source_text | B1: metric | C1: restart | D1: n_folios | E1: n_bifolios | F1: n_quires | G1: bifolio_adj_rate | H1: random_baseline | I1: lift_over_baseline | J1: seriation_cost | K1: mult_over_baseline
A2: voynich_rf1b | B2: hellinger | C2: 0 | D2: 102 | E2: 52 | F2: 0 | G2: 0.118812 | H2: 0.009803 | I2: 0.109009 | J2: 36.928862 | K2: =G2/H2 -> 12.119963
A3: voynich_rf1b | B3: hellinger | C3: 1 | D3: 102 | E3: 52 | F3: 0 | G3: 0.128713 | H3: 0.009803 | I3: 0.11891 | J3: 37.233833 | K3: =G3/H3 -> 13.12996
A4: voynich_rf1b | B4: hellinger | C4: 2 | D4: 102 | E4: 52 | F4: 0 | G4: 0.148515 | H4: 0.009803 | I4: 0.138712 | J4: 36.74075 | K4: =G4/H4 -> 15.149954
A5: voynich_rf1b | B5: hellinger | C5: 3 | D5: 102 | E5: 52 | F5: 0 | G5: 0.108911 | H5: 0.009803 | I5: 0.099108 | J5: 36.57106 | K5: =G5/H5 -> 11.109966
A6: voynich_rf1b | B6: hellinger | C6: 4 | D6: 102 | E6: 52 | F6: 0 | G6: 0.128713 | H6: 0.009803 | I6: 0.11891 | J6: 37.156292 | K6: =G6/H6 -> 13.12996
A7: voynich_rf1b | B7: hellinger | C7: 5 | D7: 102 | E7: 52 | F7: 0 | G7: 0.118812 | H7: 0.009803 | I7: 0.109009 | J7: 36.161373 | K7: =G7/H7 -> 12.119963
A8: voynich_rf1b | B8: hellinger | C8: 6 | D8: 102 | E8: 52 | F8: 0 | G8: 0.089109 | H8: 0.009803 | I8: 0.079306 | J8: 36.978113 | K8: =G8/H8 -> 9.0899725
A9: voynich_rf1b | B9: hellinger | C9: 7 | D9: 102 | E9: 52 | F9: 0 | G9: 0.09901 | H9: 0.009803 | I9: 0.089207 | J9: 36.315974 | K9: =G9/H9 -> 10.099969
A10: voynich_rf1b | B10: js | C10: 0 | D10: 102 | E10: 52 | F10: 0 | G10: 0.138614 | H10: 0.009803 | I10: 0.128811 | J10: 32.229915 | K10: =G10/H10 -> 14.139957
A11: voynich_rf1b | B11: js | C11: 1 | D11: 102 | E11: 52 | F11: 0 | G11: 0.178218 | H11: 0.009803 | I11: 0.168415 | J11: 32.422377 | K11: =G11/H11 -> 18.179945
A12: voynich_rf1b | B12: js | C12: 2 | D12: 102 | E12: 52 | F12: 0 | G12: 0.148515 | H12: 0.009803 | I12: 0.138712 | J12: 32.199814 | K12: =G12/H12 -> 15.149954
A13: voynich_rf1b | B13: js | C13: 3 | D13: 102 | E13: 52 | F13: 0 | G13: 0.158416 | H13: 0.009803 | I13: 0.148613 | J13: 31.484466 | K13: =G13/H13 -> 16.159951
... A25: voynich_rf1b | B25: l1 | C25: 7 | D25: 102 | E25: 52 | F25: 0 | G25: 0.158416 | H25: 0.009803 | I25: 0.148613 | J25: 27.526005 | K25: =G25/H25 -> 16.159951

Sheet mult_table
J2: Mean multiplicative lift of folio-level seriation's bifolio adjacency rate over random baseline
I3: Bifolia per quire | J3: 200 words per folio | K3: 400 words per folio | L3: 600 words per folio | M3: VMS, observed
A4: Row Labels | B4: Average of mult_over_baseline | I4: 1 | J4: 12.628875 | K4: 12.24117 | L4: 12.314106 | M4: 14.30829
A5: 0 | B5: 14.30829 | I5: 2 | J5: 7.9655306 | K5: 10.325144 | L5: 8.7416145
A6: 1 | B6: 12.394717 | I6: 3 | J6: 8.0207347 | K6: 7.0332496 | L6: 6.3020573
A7: 2 | B7: 9.0107631 | I7: 4 | J7: 6.5586695 | K7: 6.2597105 | L7: 5.260393
A8: 3 | B8: 7.1186805 | I8: 5 | J8: 5.5745869 | K8: 5.3629228 | L8: 4.5580761
A9: 4 | B9: 6.0262577
A10: 5 | B10: 5.1651953
A11: (blank)
A12: Grand Total | B12: 7.9957274

Sheet sig_table
A1: group_a | B1: group_b | C1: n_a | D1: n_b | E1: statistic | F1: p_raw | G1: effect_size | H1: p_corrected | I1: significant | J1: stars | O1: Bonferroni-corrected p-value
A2: 1 | B2: 5 | C2: 576 | D2: 576 | E2: 289764 | F2: 1.07e-106 | G2: -0.7467 | H2: 1.61e-105 | I2: TRUE | J2: *** | O2: VMS, observed | P2: 1 | Q2: 2 | R2: 3 | S2: 4 | T2: 5
A3: 1 | B3: 4 | C3: 576 | D3: 576 | E3: 276980 | F3: 3.46e-86 | G3: -0.6697 | H3: 5.19e-85 | I3: TRUE | J3: *** | N3: VMS, observed | O3: 0 | P3: 0.031205 | Q3: 4.27e-07 | R3: 1.69e-11 | S3: 7.12e-13 | T3: 7.48e-14
A4: 1 | B4: 3 | C4: 576 | D4: 576 | E4: 264284 | F4: 5.11e-68 | G4: -0.5931 | H4: 7.67e-67 | I4: TRUE | J4: *** | N4: 1 | P4: 0 | Q4: 1.99e-27 | R4: 7.67e-67 | S4: 5.19e-85 | T4: 1.61e-105
A5: 2 | B5: 5 | C5: 576 | D5: 576 | E5: 239562 | F5: 6.46e-39 | G5: -0.4441 | H5: 9.68e-38 | I5: TRUE | J5: *** | N5: 2 | Q5: 0 | R5: 1.94e-08 | S5: 3.02e-21 | T5: 9.68e-38
A6: 1 | B6: 2 | C6: 576 | D6: 576 | E6: 228531 | F6: 1.33e-28 | G6: -0.3776 | H6: 1.99e-27 | I6: TRUE | J6: *** | N6: 3 | R6: 0 | S6: 0.000129403 | T6: 2.68e-16
A7: 2 | B7: 4 | C7: 576 | D7: 576 | E7: 220887 | F7: 2.01e-22 | G7: -0.3315 | H7: 3.02e-21 | I7: TRUE | J7: *** | N7: 4 | S7: 0 | T7: 0.000837134
A8: 3 | B8: 5 | C8: 576 | D8: 576 | E8: 213917 | F8: 1.79e-17 | G8: -0.2895 | H8: 2.68e-16 | I8: TRUE | J8: *** | N8: 5 | T8: 0
A9: 5 | B9: VMS, observed | C9: 576 | D9: 24 | E9: 399 | F9: 4.99e-15 | G9: 0.9423 | H9: 7.48e-14 | I9: TRUE | J9: ***
A10: 4 | B10: VMS, observed | C10: 576 | D10: 24 | E10: 639 | F10: 4.75e-14 | G10: 0.9076 | H10: 7.12e-13 | I10: TRUE | J10: ***
A11: 3 | B11: VMS, observed | C11: 576 | D11: 24 | E11: 992 | F11: 1.12e-12 | G11: 0.8565 | H11: 1.69e-11 | I11: TRUE | J11: ***
A12: 2 | B12: 3 | C12: 576 | D12: 576 | E12: 200151 | F12: 1.29e-09 | G12: -0.2065 | H12: 1.94e-08 | I12: TRUE | J12: ***
A13: 2 | B13: VMS, observed | C13: 576 | D13: 24 | E13: 2293 | F13: 2.84e-08 | G13: 0.6683 | H13: 4.27e-07 | I13: TRUE | J13: ***
A14: 3 | B14: 4 | C14: 576 | D14: 576 | E14: 191007.5 | F14: 8.63e-06 | G14: -0.1514 | H14: 0.000129403 | I14: TRUE | J14: ***
A15: 4 | B15: 5 | C15: 576 | D15: 576 | E15: 188641 | F15: 5.58e-05 | G15: -0.1372 | H15: 0.000837134 | I15: TRUE | J15: ***
A16: 1 | B16: VMS, observed | C16: 576 | D16: 24 | E16: 4350 | F16: 0.00208033 | G16: 0.3707 | H16: 0.031205 | I16: TRUE | J16: *

Sheet Sheet7
A1: bpq | B1: count | C1: avg_mult | D1: sd_mult | E1: 95ci_mult
A2: VMS | B2: 24 | C2: 14.30829 | D2: 2.9733505 | E2: =CONFIDENCE(0.05,D2,B2) -> 1.1895661
A3: 1 | B3: 576 | C3: 12.394717 | D3: 5.2116527 | E3: =CONFIDENCE(0.05,D3,B3) -> 0.42561049
A4: 2 | B4: 576 | C4: 9.0107631 | D4: 5.0248015 | E4: =CONFIDENCE(0.05,D4,B4) -> 0.41035125
A5: 3 | B5: 576 | C5: 7.1186805 | D5: 3.944923 | E5: =CONFIDENCE(0.05,D5,B5) -> 0.3221628
A6: 4 | B6: 576 | C6: 6.0262577 | D6: 3.7486931 | E6: =CONFIDENCE(0.05,D6,B6) -> 0.30613764
A7: 5 | B7: 576 | C7: 5.1651953 | D7: 3.4994171 | E7: =CONFIDENCE(0.05,D7,B7) -> 0.28578048

Sheet Sheet1
B3: Column Labels
B4: Average of mult_over_baseline | I4: StdDev of mult_over_baseline | P4: Total Average of mult_over_baseline | Q4: Total StdDev of mult_over_baseline
A5: Row Labels | B5: 1 | C5: 2 | D5: 3 | E5: 4 | F5: 5 | G5: VMS | H5: (blank) | I5: 1 | J5: 2 | K5: 3 | L5: 4 | M5: 5 | N5: VMS | O5: (blank)
A6: alfonso_x_genest_i_cleaned_partial | B6: 20.338524 | C6: 17.353736 | D6: 13.181848 | E6: 11.150168 | F6: 9.966634 | I6: 5.0273372 | J6: 3.9055884 | K6: 4.0263391 | L6: 2.9278762 | M6: 2.8676309 | P6: 14.398182 | Q6: 5.4519183
A7: buchnatur_raw | B7: 16.563589 | C7: 13.353662 | D7: 10.642334 | E7: 9.9988592 | F7: 9.0295866 | I7: 3.7803377 | J7: 3.5317529 | K7: 3.3325503 | L7: 3.2534973 | M7: 2.6979155 | P7: 11.917606 | Q7: 4.3014646
A8: divina_commedia | B8: 7.1950048 | C8: 4.7056801 | D8: 4.2917827 | E8: 3.4165385 | F8: 2.6205481 | I8: 2.6636831 | J8: 2.0243604 | K8: 1.9073333 | L8: 2.1319074 | M8: 1.445933 | P8: 4.4459108 | Q8: 2.5807587
A9: gesta_romanorum_main | B9: 12.748484 | C9: 9.2642651 | D9: 6.1304328 | E9: 5.7419706 | F9: 5.8626681 | I9: 3.5493208 | J9: 3.2926765 | K9: 3.0202733 | L9: 2.7937241 | M9: 2.5941167 | P9: 7.9495641 | Q9: 4.0980688
A10: nathist_02_03_04 | B10: 11.680295 | C10: 9.2219193 | D10: 6.2601017 | E10: 5.104417 | F10: 4.0772869 | I10: 3.1525315 | J10: 3.140584 | K10: 1.8164035 | L10: 1.9018698 | M10: 1.7856392 | P10: 7.2688039 | Q10: 3.7106946
A11: nathist_14_15_16 | B11: 10.458673 | C11: 6.5835709 | D11: 5.5031898 | E11: 5.1027887 | F11: 3.709616 | I11: 2.5395587 | J11: 2.2123892 | K11: 1.9965344 | L11: 3.1784027 | M11: 2.1720677 | P11: 6.2715677 | Q11: 3.3477288
A12: pisan_troye_raw | B12: 8.6628837 | C12: 4.622387 | D12: 4.5666893 | E12: 2.9615182 | F12: 1.8022851 | I12: 1.6400279 | J12: 2.0363622 | K12: 1.7699928 | L12: 1.4213281 | M12: 0.97582299 | P12: 4.5231527 | Q12: 2.8236029
A13: voynich_rf1b | G13: 14.30829 | N13: 2.9733505 | P13: 14.30829 | Q13: 2.9733505
A14: william_tyre | B14: 11.510283 | C14: 6.9808847 | D14: 6.3730652 | E14: 4.733801 | F14: 4.2529373 | I14: 3.6382046 | J14: 2.1466499 | K14: 2.4516724 | L14: 1.9994674 | M14: 2.1795876 | P14: 6.7701943 | Q14: 3.6190306
A15: (blank)
A16: Grand Total | B16: 12.394717 | C16: 9.0107631 | D16: 7.1186805 | E16: 6.0262577 | F16: 5.1651953 | G16: 14.30829 | I16: 5.2116527 | J16: 5.0248015 | K16: 3.944923 | L16: 3.7486931 | M16: 3.4994171 | N16: 2.9733505 | P16: 7.9957274 | Q16: 5.062385

Sheet Sheet2
A1: Row Labels | B1: bifolia_per_quire | C1: avg | D1: sd
A2: alfonso_x_genest_i_cleaned_partial | B2: 0.7 | C2: 20.338524 | D2: 5.0273372
A3: alfonso_x_genest_i_cleaned_partial | B3: 1.7 | C3: 17.353736 | D3: 3.9055884
A4: alfonso_x_genest_i_cleaned_partial | B4: 2.7 | C4: 13.181848 | D4: 4.0263391
A5: alfonso_x_genest_i_cleaned_partial | B5: 3.7 | C5: 11.150168 | D5: 2.9278762
A6: alfonso_x_genest_i_cleaned_partial | B6: 4.7 | C6: 9.966634 | D6: 2.8676309
A7: buchnatur_raw | B7: 0.8 | C7: 16.563589 | D7: 3.7803377
A8: buchnatur_raw | B8: 1.8 | C8: 13.353662 | D8: 3.5317529
A9: buchnatur_raw | B9: 2.8 | C9: 10.642334 | D9: 3.3325503
A10: buchnatur_raw | B10: 3.8 | C10: 9.9988592 | D10: 3.2534973
A11: buchnatur_raw | B11: 4.8 | C11: 9.0295866 | D11: 2.6979155
A12: divina_commedia | B12: 1.4 | C12: 7.1950048 | D12: 2.6636831
A13: divina_commedia | B13: 2.4 | C13: 4.7056801 | D13: 2.0243604
... A42: william_tyre | B42: 5.1 | C42: 4.2529373 | D42: 2.1795876

Sheet all
A1: source_text | B1: words_per_folio | C1: bifolios_per_quire | D1: metric | E1: restart | F1: n_folios | G1: n_quires | H1: n_bifolios | I1: bifolio_adj_rate | J1: random_baseline | K1: lift_over_baseline | L1: seriation_cost | M1: bpq_label | N1: mult_over_baseline
A2: alfonso_x_genest_i_cleaned_partial | B2: 200 | C2: 1 | D2: hellinger | E2: 0 | F2: 1204 | G2: 602 | H2: 602 | I2: 0.0133 | J2: 0.000832 | K2: 0.012468 | L2: 444.32848 | M2: =VLOOKUP(C2,Sheet5!A:B,2,FALSE) -> 1 | N2: =I2/J2 -> 15.985577
A3: alfonso_x_genest_i_cleaned_partial | B3: 200 | C3: 1 | D3: hellinger | E3: 1 | F3: 1204 | G3: 602 | H3: 602 | I3: 0.020781 | J3: 0.000832 | K3: 0.019949 | L3: 442.04362 | M3: =VLOOKUP(C3,Sheet5!A:B,2,FALSE) -> 1 | N3: =I3/J3 -> 24.977163
A4: alfonso_x_genest_i_cleaned_partial | B4: 200 | C4: 1 | D4: hellinger | E4: 2 | F4: 1204 | G4: 602 | H4: 602 | I4: 0.020781 | J4: 0.000832 | K4: 0.019949 | L4: 445.57039 | M4: =VLOOKUP(C4,Sheet5!A:B,2,FALSE) -> 1 | N4: =I4/J4 -> 24.977163
A5: alfonso_x_genest_i_cleaned_partial | B5: 200 | C5: 1 | D5: hellinger | E5: 3 | F5: 1204 | G5: 602 | H5: 602 | I5: 0.0133 | J5: 0.000832 | K5: 0.012468 | L5: 444.98626 | M5: =VLOOKUP(C5,Sheet5!A:B,2,FALSE) -> 1 | N5: =I5/J5 -> 15.985577
A6: alfonso_x_genest_i_cleaned_partial | B6: 200 | C6: 1 | D6: hellinger | E6: 4 | F6: 1204 | G6: 602 | H6: 602 | I6: 0.011638 | J6: 0.000832 | K6: 0.010806 | L6: 446.56358 | M6: =VLOOKUP(C6,Sheet5!A:B,2,FALSE) -> 1 | N6: =I6/J6 -> 13.987981
A7: alfonso_x_genest_i_cleaned_partial | B7: 200 | C7: 1 | D7: hellinger | E7: 5 | F7: 1204 | G7: 602 | H7: 602 | I7: 0.015794 | J7: 0.000832 | K7: 0.014962 | L7: 447.61339 | M7: =VLOOKUP(C7,Sheet5!A:B,2,FALSE) -> 1 | N7: =I7/J7 -> 18.983173
A8: alfonso_x_genest_i_cleaned_partial | B8: 200 | C8: 1 | D8: hellinger | E8: 6 | F8: 1204 | G8: 602 | H8: 602 | I8: 0.0133 | J8: 0.000832 | K8: 0.012468 | L8: 446.35298 | M8: =VLOOKUP(C8,Sheet5!A:B,2,FALSE) -> 1 | N8: =I8/J8 -> 15.985577
A9: alfonso_x_genest_i_cleaned_partial | B9: 200 | C9: 1 | D9: hellinger | E9: 7 | F9: 1204 | G9: 602 | H9: 602 | I9: 0.015794 | J9: 0.000832 | K9: 0.014962 | L9: 443.86849 | M9: =VLOOKUP(C9,Sheet5!A:B,2,FALSE) -> 1 | N9: =I9/J9 -> 18.983173
A10: alfonso_x_genest_i_cleaned_partial | B10: 200 | C10: 1 | D10: js | E10: 0 | F10: 1204 | G10: 602 | H10: 602 | I10: 0.007481 | J10: 0.000832 | K10: 0.006649 | L10: 393.329 | M10: =VLOOKUP(C10,Sheet5!A:B,2,FALSE) -> 1 | N10: =I10/J10 -> 8.9915865
A11: alfonso_x_genest_i_cleaned_partial | B11: 200 | C11: 1 | D11: js | E11: 1 | F11: 1204 | G11: 602 | H11: 602 | I11: 0.014963 | J11: 0.000832 | K11: 0.014131 | L11: 395.84364 | M11: =VLOOKUP(C11,Sheet5!A:B,2,FALSE) -> 1 | N11: =I11/J11 -> 17.984375
A12: alfonso_x_genest_i_cleaned_partial | B12: 200 | C12: 1 | D12: js | E12: 2 | F12: 1204 | G12: 602 | H12: 602 | I12: 0.011638 | J12: 0.000832 | K12: 0.010806 | L12: 395.74441 | M12: =VLOOKUP(C12,Sheet5!A:B,2,FALSE) -> 1 | N12: =I12/J12 -> 13.987981
A13: alfonso_x_genest_i_cleaned_partial | B13: 200 | C13: 1 | D13: js | E13: 3 | F13: 1204 | G13: 602 | H13: 602 | I13: 0.021613 | J13: 0.000832 | K13: 0.020781 | L13: 393.15047 | M13: =VLOOKUP(C13,Sheet5!A:B,2,FALSE) -> 1 | N13: =I13/J13 -> 25.977163
... A2881: gesta_romanorum_main | B2881: 600 | C2881: 5 | D2881: l1 | E2881: 7 | F2881: 195 | G2881: 20 | H2881: 100 | I2881: 0.010309 | J2881: 0.005048 | K2881: 0.005261 | L2881: 62.937086 | M2881: =VLOOKUP(C2881,Sheet5!A:B,2,FALSE) -> 5 | N2881: =I2881/J2881 -> 2.0421949
A2882: voynich_rf1b | B2882: 380 | C2882: VMS | D2882: hellinger | E2882: 0 | F2882: 102 | G2882: 52 | H2882: 0 | I2882: 0.118812 | J2882: 0.009803 | K2882: 0.109009 | L2882: 36.928862 | M2882: VMS | N2882: =I2882/J2882 -> 12.119963
A2883: voynich_rf1b | B2883: 380 | C2883: VMS | D2883: hellinger | E2883: 1 | F2883: 102 | G2883: 52 | H2883: 0 | I2883: 0.128713 | J2883: 0.009803 | K2883: 0.11891 | L2883: 37.233833 | M2883: VMS | N2883: =I2883/J2883 -> 13.12996
A2884: voynich_rf1b | B2884: 380 | C2884: VMS | D2884: hellinger | E2884: 2 | F2884: 102 | G2884: 52 | H2884: 0 | I2884: 0.148515 | J2884: 0.009803 | K2884: 0.138712 | L2884: 36.74075 | M2884: VMS | N2884: =I2884/J2884 -> 15.149954
A2885: voynich_rf1b | B2885: 380 | C2885: VMS | D2885: hellinger | E2885: 3 | F2885: 102 | G2885: 52 | H2885: 0 | I2885: 0.108911 | J2885: 0.009803 | K2885: 0.099108 | L2885: 36.57106 | M2885: VMS | N2885: =I2885/J2885 -> 11.109966
A2886: voynich_rf1b | B2886: 380 | C2886: VMS | D2886: hellinger | E2886: 4 | F2886: 102 | G2886: 52 | H2886: 0 | I2886: 0.128713 | J2886: 0.009803 | K2886: 0.11891 | L2886: 37.156292 | M2886: VMS | N2886: =I2886/J2886 -> 13.12996
A2887: voynich_rf1b | B2887: 380 | C2887: VMS | D2887: hellinger | E2887: 5 | F2887: 102 | G2887: 52 | H2887: 0 | I2887: 0.118812 | J2887: 0.009803 | K2887: 0.109009 | L2887: 36.161373 | M2887: VMS | N2887: =I2887/J2887 -> 12.119963
A2888: voynich_rf1b | B2888: 380 | C2888: VMS | D2888: hellinger | E2888: 6 | F2888: 102 | G2888: 52 | H2888: 0 | I2888: 0.089109 | J2888: 0.009803 | K2888: 0.079306 | L2888: 36.978113 | M2888: VMS | N2888: =I2888/J2888 -> 9.0899725
A2889: voynich_rf1b | B2889: 380 | C2889: VMS | D2889: hellinger | E2889: 7 | F2889: 102 | G2889: 52 | H2889: 0 | I2889: 0.09901 | J2889: 0.009803 | K2889: 0.089207 | L2889: 36.315974 | M2889: VMS | N2889: =I2889/J2889 -> 10.099969
A2890: voynich_rf1b | B2890: 380 | C2890: VMS | D2890: js | E2890: 0 | F2890: 102 | G2890: 52 | H2890: 0 | I2890: 0.138614 | J2890: 0.009803 | K2890: 0.128811 | L2890: 32.229915 | M2890: VMS | N2890: =I2890/J2890 -> 14.139957
A2891: voynich_rf1b | B2891: 380 | C2891: VMS | D2891: js | E2891: 1 | F2891: 102 | G2891: 52 | H2891: 0 | I2891: 0.178218 | J2891: 0.009803 | K2891: 0.168415 | L2891: 32.422377 | M2891: VMS | N2891: =I2891/J2891 -> 18.179945
A2892: voynich_rf1b | B2892: 380 | C2892: VMS | D2892: js | E2892: 2 | F2892: 102 | G2892: 52 | H2892: 0 | I2892: 0.148515 | J2892: 0.009803 | K2892: 0.138712 | L2892: 32.199814 | M2892: VMS | N2892: =I2892/J2892 -> 15.149954
A2893: voynich_rf1b | B2893: 380 | C2893: VMS | D2893: js | E2893: 3 | F2893: 102 | G2893: 52 | H2893: 0 | I2893: 0.158416 | J2893: 0.009803 | K2893: 0.148613 | L2893: 31.484466 | M2893: VMS | N2893: =I2893/J2893 -> 16.159951
... A2905: voynich_rf1b | B2905: 380 | C2905: VMS | D2905: l1 | E2905: 7 | F2905: 102 | G2905: 52 | H2905: 0 | I2905: 0.158416 | J2905: 0.009803 | K2905: 0.148613 | L2905: 27.526005 | M2905: VMS | N2905: =I2905/J2905 -> 16.159951

Sheet Sheet5
A1: number | B1: label
A2: VMS | B2: VMS, observed
A3: 1 | B3: 1
A4: 2 | B4: 2
A5: 3 | B5: 3
A6: 4 | B6: 4
A7: 5 | B7: 5
